fecha,chuqui_y_r_tomic,chuquicamata,radomiro_tomic,ministro_hales,salvador,andina,el_teniente,gabriela_mistral,total_codelco,escondida,spence,cerro_colorado,lomas_bayas,collahuasi,los_bronces,el_soldado,angloamerican_sur,el_abra,candelaria,caserones,ojos_del_salado,mantos_blancos,mantoverde,capstone_copper,los_pelambres,zaldivar,centinela_sulfuros,centinela_oxidos,antucoya,quebrada_blanca,andacollo,michilla,haldeman,sierra_gorda,atacama_kozan,tres_valles,franke,altos_de_punitaqui,cerro_negro,pampa_camarones,enami_plantas,otros,total_chile
2014-01-01,54.413,21.532,32.881,8.5,5.2,17.9,34.8,8.3,129.113,87.9,12.2,7.4,6.2,36.9,40.192,3.002,43.194,14.0,10.8,2.9,1.6,4.663,4.533,9.196000000000002,33.8,7.3,13.4,7.6,0.0,5.0,5.8,3.6,1.0,0.0,1.2,0.6,1.8,1.0,0.843,0.0,1.854,15.402999999999999,461.6030000000001
2014-02-01,48.554,23.154,25.4,7.3,2.5,17.1,32.9,7.3,115.654,92.5,14.2,6.8,5.6,42.8,40.035,3.305,43.339999999999996,12.8,12.1,2.7,2.2,4.42,4.202,8.622,27.8,7.1,13.2,7.7,0.0,4.4,5.9,3.1,0.9,0.0,0.9,0.5,1.6,1.1,0.648,0.0,1.569,15.082999999999998,450.81600000000003
2014-03-01,54.001999999999995,31.142,22.86,13.7,4.3,18.3,38.4,9.1,137.80199999999996,92.4,15.0,7.8,6.2,39.2,35.332,3.657,38.989000000000004,14.9,11.0,2.4,1.9,3.864,4.405,8.269,37.4,9.8,15.0,8.4,0.0,4.6,7.0,4.1,0.9,0.0,1.2,0.6,1.6,1.1,0.742,0.0,1.61,12.048,481.9599999999999
2014-04-01,48.457,29.571,18.886,16.2,3.2,19.1,29.5,9.4,125.857,104.5,12.9,6.2,6.1,41.6,32.447,3.222,35.669000000000004,14.2,10.0,0.0,2.0,3.497,4.251,7.748,35.0,9.1,16.0,8.0,0.0,3.8,5.7,4.1,0.6,0.0,0.9,0.7,1.6,0.9,0.633,0.0,1.598,15.869,471.274
2014-05-01,55.451,28.295,27.156,15.6,2.7,17.7,41.2,10.1,142.751,104.9,16.4,7.1,6.1,38.1,36.995,2.896,39.891,14.2,12.4,0.0,1.4,4.431,4.115,8.546,35.5,8.5,15.0,6.5,0.0,2.7,6.9,4.1,0.8,0.0,1.2,0.6,1.2,0.9,0.693,0.0,1.516,15.791,493.688
2014-06-01,60.941,31.848,29.093,4.5,4.8,19.2,37.4,9.5,136.341,116.9,16.3,8.1,4.9,42.1,36.604,2.221,38.825,13.9,8.7,2.2,2.5,4.382,3.818,8.2,33.8,7.2,12.8,7.8,0.0,3.9,5.6,4.2,0.9,0.0,1.1,0.7,1.5,0.9,0.475,0.0,1.481,11.744,493.0659999999999
2014-07-01,57.929,31.389,26.54,14.2,4.1,19.3,40.9,10.1,146.529,83.2,12.5,5.1,5.2,38.4,37.792,2.164,39.956,13.7,9.1,4.6,1.7,4.303,4.636,8.939,31.8,8.0,16.3,5.8,0.0,3.5,5.8,3.4,0.8,0.0,1.0,0.7,1.9,1.0,0.459,0.01,1.594,14.437,465.42400000000004
2014-08-01,58.602000000000004,30.425,28.177,19.2,5.2,20.8,42.9,10.0,156.702,96.2,11.8,5.3,5.4,36.8,28.282,2.431,30.713,13.7,10.2,5.4,1.7,3.967,4.201,8.168,34.4,9.1,14.1,7.6,0.0,4.0,6.4,3.8,0.9,0.0,1.3,0.7,1.7,0.9,0.429,0.414,1.593,13.564,482.9829999999999
2014-09-01,51.006,27.777,23.229,10.1,5.6,20.3,42.0,11.1,140.106,96.1,15.8,5.2,4.7,35.1,29.603,2.115,31.718000000000004,13.3,10.7,5.4,1.8,4.73,4.201,8.931000000000001,32.0,8.1,14.1,8.6,0.0,3.8,3.8,3.7,0.8,0.0,1.3,0.7,1.6,0.7,0.146,0.42,1.668,14.466000000000001,464.7550000000002
2014-10-01,56.992,27.089,29.903,16.5,6.4,21.2,43.6,12.5,157.19199999999998,84.9,16.6,6.6,5.2,40.0,33.483,2.26,35.742999999999995,13.6,15.7,6.0,1.5,4.45,4.655,9.105,33.1,7.6,14.2,7.6,0.0,3.9,6.0,4.0,0.8,3.8,1.2,0.8,1.6,0.9,0.264,0.501,1.62,13.614999999999998,493.64000000000004
2014-11-01,57.370999999999995,27.147,30.224,1.5,3.9,21.0,39.5,11.3,134.571,93.8,15.5,6.7,5.3,37.1,28.579,2.108,30.687,13.8,10.9,7.6,1.9,4.71,4.388,9.097999999999999,34.5,8.7,18.4,8.5,0.0,3.9,6.5,4.2,0.8,4.0,1.2,0.8,1.3,1.0,0.134,0.385,1.543,14.438,477.2559999999999
2014-12-01,63.923,30.994,32.929,13.9,6.1,20.5,32.4,12.3,149.123,112.1,16.9,7.3,5.5,42.3,25.167,3.032,28.199,14.3,13.1,5.4,1.8,5.001,4.392,9.393,35.5,10.1,18.2,9.7,0.0,4.6,6.4,4.7,0.8,4.9,1.2,0.8,1.8,1.1,0.513,0.308,1.692,16.887,524.615
2015-01-01,43.306,17.808,25.498,21.3,3.3,17.9,42.3,11.2,139.30599999999998,126.6,16.6,7.5,5.6,39.0,34.299,1.713,36.012,14.0,12.8,5.3,2.1,4.742,4.323,9.065000000000001,31.1,9.2,14.3,8.0,0.0,4.0,6.2,2.4,0.9,8.0,0.9,0.7,1.4,0.9,0.479,0.31,1.612,14.799,519.083
2015-02-01,37.711,11.359,26.352,13.2,2.4,18.6,32.1,10.3,114.311,104.8,14.7,6.7,5.7,30.3,31.154,2.196,33.35,12.2,15.2,6.9,2.1,4.418,3.749,8.167,23.9,8.0,14.8,6.8,0.0,4.0,6.2,2.4,0.7,4.9,1.2,0.7,1.3,0.8,0.519,0.333,1.408,13.34,445.72799999999995
2015-03-01,46.485,19.611,26.874,16.7,4.4,19.2,43.1,10.7,140.585,115.7,13.7,7.3,5.9,35.2,29.207,2.267,31.474,12.7,13.8,5.3,1.5,4.469,3.246,7.715,26.5,6.1,9.4,7.1,0.0,4.2,4.7,2.5,0.8,4.5,0.9,0.7,1.5,1.0,0.5,0.412,1.066,10.622,473.3739999999999
2015-04-01,54.961,29.961,25.0,19.0,2.2,16.5,34.0,10.5,137.161,94.9,14.4,7.3,5.8,37.2,34.111,2.606,36.717,13.2,13.6,3.1,1.6,4.906,3.615,8.521,33.8,6.1,16.5,6.5,0.0,4.3,6.0,2.8,0.8,5.8,1.2,0.5,1.3,1.0,0.436,0.42,0.807,8.536999999999999,470.29900000000015
2015-05-01,42.122,17.349,24.773,19.6,4.9,19.8,48.5,10.5,145.422,127.6,11.7,6.8,5.7,34.8,30.794,3.833,34.627,12.9,14.8,5.0,2.6,5.24,4.376,9.616,29.5,8.1,12.5,6.1,0.0,3.6,7.1,2.8,0.9,7.9,1.3,0.5,1.6,0.6,0.503,0.541,1.114,11.042000000000002,507.2650000000001
2015-06-01,62.275000000000006,34.871,27.404,17.8,5.3,20.5,38.9,9.1,153.875,121.5,11.2,6.3,5.6,40.1,32.518,3.602,36.12,12.0,10.4,6.3,2.2,5.185,4.47,9.655,30.5,9.7,10.9,5.5,0.0,3.5,6.0,2.7,0.8,8.8,1.2,0.3,1.8,0.5,0.497,0.609,1.543,9.850999999999999,509.95000000000005
2015-07-01,52.233000000000004,25.21,27.023,21.8,1.7,19.2,39.1,8.8,142.83300000000003,78.6,12.6,3.6,5.8,33.3,33.877,2.707,36.584,12.2,13.3,5.6,2.4,4.842,4.332,9.174,33.5,9.8,12.5,6.1,0.0,1.0,6.5,2.6,0.8,8.6,1.2,0.3,1.8,0.5,0.503,0.383,1.389,13.125,456.59100000000007
2015-08-01,49.81999999999999,23.708,26.112,19.5,3.0,17.2,39.2,10.5,139.22,82.9,14.4,4.3,5.6,24.7,28.966,4.557,33.523,12.5,11.9,5.4,2.2,4.65,4.165,8.815000000000001,32.4,9.8,10.3,6.1,0.0,2.2,6.2,2.7,0.8,6.6,1.2,0.4,1.8,0.4,0.385,0.532,1.364,13.719000000000001,442.3579999999999
2015-09-01,54.214,29.339,24.875,23.5,2.3,18.6,38.3,9.8,146.714,75.1,16.1,5.8,5.5,40.8,35.715,3.701,39.416000000000004,12.3,11.6,6.0,2.3,4.453,4.33,8.783000000000001,33.0,9.0,9.2,6.5,2.2,3.0,4.6,2.7,0.7,7.9,1.3,0.4,1.9,0.5,0.381,0.471,1.38,12.868000000000002,468.41299999999995
2015-10-01,66.838,39.644,27.194,22.4,7.1,18.7,41.3,11.1,167.438,74.9,17.0,6.0,6.5,43.6,39.728,2.623,42.351,11.3,10.9,9.1,2.1,4.555,3.822,8.376999999999999,28.4,9.6,11.9,6.2,3.3,3.1,6.2,2.8,0.8,8.4,1.2,0.4,2.0,0.7,0.486,0.526,1.43,11.558,498.566
2015-11-01,59.074,31.557,27.517,22.2,5.2,20.0,38.1,11.2,155.774,75.0,16.7,6.6,6.3,43.2,33.833,3.165,36.998,10.7,10.7,8.3,1.9,4.304,4.741,9.045,35.1,9.1,11.0,5.6,3.2,3.1,6.3,2.3,0.9,8.1,1.2,0.4,1.8,0.6,0.398,0.482,1.336,12.384,484.51700000000005
2015-12-01,55.334999999999994,28.208,27.127,21.3,6.8,18.1,36.3,11.3,149.135,74.9,16.5,6.2,6.6,53.1,37.515,3.097,40.612,11.2,11.2,8.6,1.7,4.835,4.525,9.36,38.1,8.9,11.9,5.4,3.5,3.1,7.0,0.7,0.8,8.4,1.3,0.5,1.9,0.6,0.386,0.517,1.322,12.475,495.9069999999999
2016-01-01,46.44,16.846,29.594,18.6,4.9,19.7,38.7,9.6,137.94,92.7,13.9,5.4,6.2,38.0,28.813,3.726,32.539,9.9,11.2,8.2,1.9,4.258,4.646,8.904,29.5,7.1,11.7,4.8,3.2,3.2,6.2,0.0,0.2,8.5,1.1,0.5,1.8,0.7,0.534,0.424,1.408,12.534,460.1829999999999
2016-02-01,49.054,22.069,26.985,21.5,4.7,14.4,42.5,9.6,141.754,81.0,12.2,6.8,6.1,40.1,24.746,3.309,28.055,9.3,11.5,8.4,1.9,3.753,4.232,7.985,28.0,8.8,12.3,3.8,3.7,2.5,6.2,0.0,0.0,9.5,1.1,0.4,1.4,0.6,0.444,0.284,1.112,11.96,447.194
2016-03-01,54.242999999999995,27.252,26.991,22.9,5.4,17.6,46.6,10.4,157.143,91.9,13.7,7.8,6.1,38.0,31.581,3.21,34.791,9.2,11.4,10.3,2.2,4.232,4.828,9.06,27.6,8.9,13.2,4.0,5.7,3.1,5.5,0.0,0.0,9.5,1.1,0.4,1.6,0.7,0.459,0.432,1.337,12.172,487.29400000000004
2016-04-01,50.768,24.525,26.243,19.2,4.7,12.0,25.9,10.3,122.868,88.1,10.7,8.2,6.8,34.0,25.979,4.021,30.0,8.1,9.4,8.8,2.0,3.744,4.556,8.3,32.8,9.1,9.6,4.4,5.2,2.9,5.4,0.0,0.0,7.3,1.0,0.5,1.4,0.5,0.496,0.275,1.311,12.318,431.7679999999999
2016-05-01,45.894,24.525,21.369,18.5,4.9,13.4,39.0,9.7,131.394,95.5,14.9,9.0,7.1,48.2,26.832,3.827,30.659,8.9,10.2,8.8,2.4,4.392,4.636,9.028,30.8,9.3,13.1,4.3,4.4,2.7,5.3,0.0,0.0,9.0,1.1,0.5,1.4,0.6,0.41,0.131,1.427,11.632000000000001,472.18100000000004
2016-06-01,58.532,33.92,24.612,23.5,4.1,15.7,40.6,9.3,151.732,90.6,15.4,7.6,7.0,45.5,22.875,4.472,27.347,8.3,9.3,7.0,2.4,4.276,3.94,8.216,29.4,8.8,13.3,3.6,4.8,2.8,6.1,0.0,0.0,6.8,0.6,0.5,1.4,0.6,0.375,0.062,1.367,8.296,469.1950000000001
2016-07-01,55.617000000000004,29.892,25.725,18.2,4.9,17.2,36.2,10.5,142.61700000000002,70.1,13.7,6.0,6.1,46.3,26.305,1.819,28.124,8.3,9.3,8.0,2.3,4.152,3.702,7.854,28.6,8.8,15.7,4.1,5.4,2.9,6.9,0.0,0.0,7.0,1.1,0.4,1.5,0.5,0.454,0.036,1.336,12.074,445.49500000000006
2016-08-01,53.476,25.779,27.697,17.0,4.6,12.3,40.9,11.0,139.276,75.5,16.2,5.8,6.8,42.9,24.282,4.36,28.642,7.7,10.6,10.1,2.0,4.234,4.004,8.238,30.6,7.7,16.0,4.6,7.0,2.8,6.7,0.0,0.0,6.8,1.2,0.4,1.4,0.7,0.35,0.078,1.466,11.905999999999999,453.456
2016-09-01,49.260999999999996,23.872,25.389,24.2,4.5,18.3,42.3,11.2,149.761,77.0,15.0,5.3,6.8,40.5,21.483,4.517,26.0,7.8,11.2,9.5,2.2,3.949,3.805,7.754,31.1,7.5,16.0,5.6,7.1,3.0,5.8,0.0,0.0,7.5,1.2,0.4,1.4,0.6,0.449,0.067,1.386,12.298,460.2150000000001
2016-10-01,52.683,25.471,27.212,17.9,5.8,17.6,41.4,10.2,145.583,58.2,9.0,4.1,7.1,49.2,26.398,4.003,30.401,7.6,10.3,11.2,2.1,4.376,4.14,8.516,33.8,8.8,14.0,5.2,6.7,3.1,4.8,0.0,0.0,8.6,1.2,0.4,1.2,0.5,0.526,0.043,1.303,10.027999999999999,443.50000000000006
2016-11-01,50.622,22.78,27.842,17.8,6.1,18.0,43.7,9.5,145.72199999999998,86.1,13.7,4.1,7.1,43.5,23.744,4.6,28.344,7.3,13.1,12.6,2.0,3.837,3.551,7.388,30.2,8.8,21.5,5.6,6.7,2.9,6.7,0.0,0.0,9.1,1.2,0.5,1.5,0.5,0.315,0.031,1.391,11.363,479.2540000000001
2016-12-01,53.675,25.078,28.597,17.7,5.2,17.2,37.5,10.4,141.675,95.3,19.0,3.9,6.9,40.3,24.129,5.147,29.276000000000003,7.5,17.9,14.4,2.0,4.177,3.699,7.8759999999999994,35.4,9.8,24.0,5.8,6.3,2.8,7.6,0.0,0.0,8.5,1.2,0.5,1.8,0.7,0.417,0.084,1.408,10.491,502.827
2017-01-01,40.932,15.228,25.704,23.8,4.3,19.5,36.6,7.2,132.332,77.1,18.2,5.4,7.2,44.4,20.858,3.6,24.458000000000002,6.9,9.4,13.0,2.1,3.569,3.065,6.634,28.1,8.7,16.4,5.3,6.7,2.4,8.4,0.0,0.0,7.8,1.0,0.5,1.7,0.6,0.30083318798,0.083,1.267,11.749,448.12383318798
2017-02-01,39.772999999999996,16.906,22.867,18.4,4.4,18.3,36.5,8.8,126.17299999999999,20.0,14.6,4.9,6.4,45.3,26.409,3.209,29.618,6.2,10.3,9.0,1.7,3.227,2.824,6.051,26.3,8.7,12.1,5.0,6.4,2.3,5.6,0.0,0.0,10.0,0.7,0.4,1.4,0.5,0.3016997184,0.084,1.211,9.603,370.8416997184
2017-03-01,47.065,20.947,26.118,19.8,4.8,19.9,28.4,11.3,131.265,0.0,16.6,6.4,6.7,41.3,28.577,2.252,30.829,6.3,11.9,12.9,2.4,4.081,3.255,7.336,31.5,9.3,10.5,6.2,7.2,2.2,6.4,0.0,0.0,8.9,1.2,0.5,1.6,0.6,0.29822188499999996,0.079,1.289,11.434,373.13022188499997
2017-04-01,49.831999999999994,22.874,26.958,15.5,5.0,18.6,35.5,9.7,134.132,64.0,16.9,6.4,6.7,31.1,29.922,2.186,32.108000000000004,5.6,15.5,10.4,2.0,3.642,3.65,7.292,24.9,8.2,14.0,3.9,6.9,1.9,5.1,0.0,0.0,7.4,1.3,0.5,1.5,0.3,0.30399598542,0.065,1.203,10.528,420.1319959854199
2017-05-01,44.714,19.737,24.977,19.7,4.4,19.1,41.4,12.0,141.314,82.7,18.4,6.2,7.3,44.9,26.406,4.592,30.997999999999998,6.1,13.5,4.4,2.6,3.779,3.602,7.381,31.3,9.0,17.5,5.5,6.1,1.9,5.7,0.0,0.0,8.2,0.3,0.6,1.4,0.3,0.30055933178,0.0,0.922,11.177,465.99255933178006
2017-06-01,45.335,19.901,25.434,15.6,3.7,16.7,40.7,10.7,132.735,84.1,18.2,6.2,6.7,39.9,22.619,4.07,26.689,6.1,15.4,6.2,2.0,3.56,3.519,7.079000000000001,28.1,8.0,15.8,4.4,6.2,1.6,6.2,0.0,0.0,9.4,0.0,0.5,1.7,0.5,0.261464,0.0,1.028,8.811,443.8034639999999
2017-07-01,55.68,27.108,28.572,16.7,5.9,17.8,43.4,11.5,150.98000000000002,81.4,14.0,4.8,6.5,41.1,28.21,3.734,31.944000000000003,6.8,11.4,10.1,2.6,4.053,3.908,7.961,29.4,8.4,17.7,4.3,7.0,1.7,6.4,0.0,0.0,7.2,0.8,0.5,1.7,0.5,0.285035,0.0,1.268,11.347000000000001,468.08503499999995
2017-08-01,56.768,31.894,24.874,17.5,5.6,17.4,43.0,10.1,150.368,97.8,14.8,4.1,6.5,43.6,28.202,3.866,32.068000000000005,6.8,13.5,12.1,2.5,4.28,4.007,8.286999999999999,30.1,8.7,18.0,4.4,6.7,1.7,6.9,0.0,0.0,9.7,0.8,0.5,1.7,0.4,0.37968,0.0,1.172,12.947999999999999,496.52268
2017-09-01,52.212,30.376,21.836,16.1,5.8,16.9,40.7,10.7,142.412,95.6,15.9,4.4,6.8,48.0,21.709,3.269,24.978,6.6,15.2,10.8,2.2,3.657,4.06,7.717,30.5,8.6,11.6,4.6,6.2,1.6,6.4,0.0,0.0,7.7,1.6,0.5,1.6,0.6,0.386191,0.0,1.199,12.815000000000001,476.50719100000015
2017-10-01,73.148,44.058,29.09,17.6,6.1,18.3,40.6,10.6,166.34799999999998,109.6,14.7,5.1,6.2,48.0,22.69,3.176,25.866,7.1,12.0,10.2,2.7,4.018,3.479,7.497,31.1,9.1,9.3,5.5,7.0,1.9,6.4,0.0,0.0,7.5,1.0,0.5,1.8,0.4,0.367913,0.0,1.241,11.991,510.4109129999999
2017-11-01,67.18700000000001,34.853,32.334,16.8,5.4,17.8,37.6,10.0,154.787,106.2,17.7,5.8,5.7,47.6,22.652,3.305,25.957,6.5,10.3,11.8,2.2,3.779,3.44,7.218999999999999,31.4,7.6,10.4,6.9,7.2,2.0,5.8,0.0,0.0,9.1,0.3,0.4,1.8,0.3,0.08036499999999999,0.0,1.218,11.602,497.863365
2017-12-01,77.145,47.031,30.114,17.6,6.6,19.7,39.9,10.1,171.04500000000002,106.9,18.6,6.5,5.3,48.8,30.014,3.204,33.217999999999996,7.4,11.9,11.9,2.1,4.053,3.304,7.356999999999999,33.6,9.0,10.5,8.5,6.9,2.2,6.7,0.0,0.0,8.8,1.1,0.5,1.7,0.5,0.314365,0.0,1.337,9.449,532.120365
2018-01-01,50.858000000000004,19.12,31.738,16.7,5.1,18.9,36.7,8.7,136.95800000000003,107.0,18.6,5.2,5.5,54.1,25.981,2.763,28.744,7.2,7.0,11.8,2.0,3.505,2.861,6.366,27.4,8.1,7.8,7.8,4.6,2.1,6.0,0.0,0.0,6.9,0.8,0.5,1.1,0.4,0.33334800000000003,0.0,0.766,11.038,476.1053480000001
2018-02-01,52.447,23.029,29.418,16.3,4.1,13.0,37.9,9.2,132.947,103.0,16.5,4.3,5.6,42.5,28.046,2.817,30.863,7.2,7.9,11.8,1.9,3.242,2.8,6.042,26.6,6.3,8.1,6.7,5.0,1.8,5.0,0.0,0.0,8.0,1.0,0.4,1.2,0.3,0.2925,0.0,1.141,10.770999999999999,453.1565000000001
2018-03-01,62.173,27.423,34.75,14.9,4.6,18.4,39.6,6.8,146.473,112.7,18.1,4.1,5.9,41.0,31.025,3.708,34.733,8.2,10.0,10.0,2.0,3.301,3.152,6.453,30.0,7.2,9.4,7.5,5.0,2.2,5.7,0.0,0.0,8.0,0.9,0.5,1.5,0.3,0.37564099999999995,0.0,1.132,8.704,488.0706409999999
2018-04-01,50.229,24.938,25.291,16.3,5.0,14.3,34.7,8.2,128.729,109.2,16.8,6.0,5.4,43.5,26.521,4.207,30.728,7.6,8.7,8.4,2.0,2.97,3.254,6.224,14.0,6.5,11.4,7.2,5.6,2.3,5.6,0.0,0.0,7.0,1.0,0.5,1.3,0.3,0.404634,0.0,1.122,9.4,446.9076340000001
2018-05-01,48.912,21.122,27.79,15.4,3.9,19.1,40.0,8.6,135.912,113.7,17.6,6.8,5.6,39.6,30.563,5.221,35.784,7.9,9.6,11.7,2.3,3.527,3.962,7.489000000000001,32.8,7.2,11.7,7.9,7.0,2.3,5.8,0.0,0.0,8.6,0.6,0.4,1.8,0.3,0.42137,0.0,1.169,13.542,495.5173700000001
2018-06-01,50.254000000000005,20.887,29.367,17.4,3.3,17.3,35.7,8.4,132.354,101.7,17.2,6.2,5.7,41.4,32.59,4.154,36.744,7.7,8.2,11.8,2.4,3.598,3.327,6.925,34.1,7.3,11.2,7.1,5.8,2.2,4.6,0.0,0.0,8.2,1.2,0.5,1.9,0.4,0.39799,0.0,1.14,7.999,472.35999
2018-07-01,44.922,16.621,28.301,15.6,4.0,16.1,42.6,9.3,132.522,110.9,12.6,5.1,6.3,43.2,33.943,5.218,39.161,7.7,7.4,11.0,2.8,3.926,3.601,7.527,35.2,8.0,8.6,7.1,5.0,2.4,5.4,0.0,0.0,7.9,1.1,0.5,1.8,0.3,0.36362099999999997,0.0,1.264,10.832,481.969621
2018-08-01,47.177,21.721,25.456,14.0,3.7,14.7,41.5,9.1,130.177,84.6,7.1,5.8,6.5,45.4,32.988,4.602,37.59,7.7,9.8,12.9,2.6,3.705,3.555,7.26,35.7,8.6,11.0,7.6,6.9,2.2,5.1,0.0,0.0,8.8,1.2,0.5,1.9,0.4,0.479209,0.0,1.301,12.834999999999999,461.94220899999993
2018-09-01,45.472,23.42,22.052,15.6,3.2,12.0,39.7,9.0,124.97200000000001,108.1,9.5,3.3,6.4,51.1,28.9,4.702,33.602,7.4,9.2,9.9,2.4,3.448,3.822,7.27,31.2,8.7,16.1,7.5,7.2,2.0,6.1,0.0,0.0,9.4,1.1,0.5,2.0,0.3,0.484006,0.0,1.252,11.332,478.31200599999994
2018-10-01,50.056,25.448,24.608,16.7,5.9,17.3,39.0,10.2,139.156,95.9,6.1,6.8,6.5,49.1,33.259,5.442,38.701,7.6,8.7,11.9,2.5,3.558,4.147,7.705,32.6,9.1,16.7,8.1,6.7,2.1,5.7,0.0,0.0,10.6,1.1,0.5,1.9,0.3,0.502375,0.0,1.191,12.572,490.3273750000001
2018-11-01,70.882,42.977,27.905,15.7,6.4,18.5,42.8,9.0,163.282,104.8,17.9,6.4,6.2,51.7,31.323,5.015,36.338,8.1,6.7,12.1,2.7,3.674,3.727,7.401,33.3,9.6,19.0,8.0,6.8,1.9,6.3,0.0,0.0,9.7,1.0,0.5,1.9,0.1,0.08036499999999999,0.0,1.331,13.756,536.8883649999999
2018-12-01,80.03,54.039,25.991,20.9,11.6,15.9,34.8,10.8,174.02999999999997,91.1,18.4,6.2,7.1,56.6,34.399,4.86,39.259,7.0,8.5,13.2,2.7,3.272,3.564,6.836,37.6,7.9,24.4,10.1,6.6,2.0,5.9,0.0,0.0,8.8,1.2,0.6,1.8,0.4,0.500868,0.0,1.227,10.135475000000001,550.0883429999999
2019-01-01,50.313,28.231,22.082,6.951,4.176,16.746,32.994,6.053,117.233,91.845,18.2,3.007,6.839,44.49,30.232,4.322,34.554,6.353,7.8,11.887,2.601,3.31,3.566,6.8759999999999994,30.455,8.302,16.6,9.1,6.0,2.149,4.2,0.0,0.0,9.557,1.0,0.6,1.793,0.338,0.42944,0.0,1.185,13.72075,457.1141900000001
2019-02-01,39.823,22.038,17.785,10.645,2.194,12.48,34.62,5.818,105.57999999999998,82.093,12.6,6.653,6.162,38.493,32.385,3.78,36.165,4.699,6.9,10.178,2.335,2.638,3.292,5.93,29.414,8.427,12.4,7.4,5.1,1.37,5.1,0.200273,0.0,9.134,0.9,0.6,1.601,0.547,0.419485,0.0,1.272,13.483,415.15575799999993
2019-03-01,53.176,33.387,19.789,14.875,1.727,16.199,26.274,6.716,118.967,100.868,18.2,8.502,6.859,47.192,29.101,4.01,33.111,6.102,9.4,7.775,2.614,3.553,3.722,7.275,31.762,8.67,15.6,7.7,6.9,2.102,5.3,0.87058,0.0,9.55,1.2,0.6,1.481,0.473,0.45949,0.0,1.312,12.559553000000001,473.4046229999999
2019-04-01,49.78,28.102,21.678,12.258,2.753,11.828,34.684,8.152,119.455,92.115,17.5,8.113,6.66,37.052,30.698,4.53,35.228,6.704,8.1,12.375,2.334,3.253,3.765,7.018000000000001,33.313,9.616,15.3,6.4,6.8,1.887,5.7,1.001169,0.0,8.44,0.8,0.6,1.604,0.567,0.47874,0.0,1.308,12.201236999999999,458.67014599999993
2019-05-01,53.293,31.377,21.916,13.889,2.078,14.055,38.246,8.448,130.00900000000001,98.914,15.2,8.021,6.904,43.017,29.738,4.502,34.24,6.453,9.4,13.306,2.342,3.584,3.231,6.8149999999999995,32.06,10.01,22.0,6.2,6.8,1.837,5.9,0.70012,0.0,9.971,1.1,0.6,1.606,0.425,0.499503,0.0,1.33,12.181407,487.84102999999993
2019-06-01,47.168,22.997,24.171,13.634,2.209,12.484,36.118,7.097,118.70999999999998,104.125,18.0,7.218,6.455,44.367,30.742,4.169,34.911,6.169,8.0,13.584,2.363,3.176,3.539,6.715,29.01,9.905,18.2,5.0,5.9,1.769,3.8,1.04413,0.0,9.352,1.1,0.5,1.658,0.434,0.49407999999999996,0.0,1.271,9.666212,469.7204219999999
2019-07-01,48.848,24.19,24.658,13.609,3.961,14.04,39.561,9.379,129.398,97.228,15.4,6.314,6.701,47.341,29.657,4.214,33.871,6.704,10.7,14.347,2.251,3.835,3.52,7.355,31.541,9.303,20.8,5.7,6.0,1.587,5.4,1.146347,0.0,8.868,1.0,0.5,1.65,0.408,0.45600999999999997,0.371,1.261,13.251566999999998,486.8529239999998
2019-08-01,63.416000000000004,40.709,22.707,12.347,3.919,14.93,40.628,9.732,144.972,103.681,16.2,5.664,6.743,50.528,26.688,5.004,31.692,6.892,12.7,13.152,2.636,4.104,3.66,7.764,32.209,9.876,19.2,6.2,6.0,1.342,6.1,1.2045160000000001,0.0,10.209,1.1,0.6,1.657,0.322,0.49903000000000003,0.307,1.278,12.636194999999999,513.3637410000001
2019-09-01,54.184,31.081,23.103,12.38,4.113,13.177,40.772,10.788,135.414,100.1,15.9,4.433,6.299,48.759,24.092,4.763,28.854999999999997,8.386,8.4,13.758,2.583,3.851,3.612,7.463,30.436,9.73,16.7,4.7,6.7,1.841,5.2,1.4013,0.0,9.852,1.1,0.6,1.276,0.357,0.4664,0.301,1.259,11.561964999999999,483.831665
2019-10-01,55.919000000000004,34.7,21.219,15.143,7.859,12.111,41.849,10.93,143.811,108.036,15.1,4.516,6.229,50.957,28.743,4.242,32.985,8.366,9.4,10.228,2.585,3.965,3.915,7.88,24.898,10.582,10.9,7.6,3.4,1.807,2.1,1.600703,0.0,9.162,1.2,0.7,1.468,0.317,0.515,0.454,1.312,11.847237999999999,489.955941
2019-11-01,60.277,37.996,22.281,13.055,6.118,16.144,41.571,9.871,147.036,103.154,16.4,4.351,6.178,56.703,17.25,5.542,22.792,7.433,10.0,12.306,2.53,3.787,3.513,7.3,33.893,10.425,16.4,7.5,5.9,1.662,0.0,1.667654,0.0,9.01,1.2,0.6,1.511,0.252,0.08036499999999999,0.427,1.393,11.680197,499.7842159999999
2019-12-01,75.549,50.523,25.026,13.053,9.453,16.08,52.428,11.104,177.667,105.656,14.7,4.917,6.909,56.536,25.677,5.11,30.787,7.664,10.6,12.633,2.744,4.256,3.603,7.859,36.948,11.285,11.4,7.6,6.4,1.78,5.2,1.7201099999999998,0.0,10.925,0.8,0.6,1.72,0.283,0.42766,0.513,1.46,14.016765,551.7505349999999
2020-01-01,35.589999999999996,15.69,19.9,14.335,2.34,15.886,33.386,8.929,110.46600000000001,100.944,14.776,7.601,6.551,53.542,20.815,3.923,24.738,7.0169,8.24,11.611,2.573,3.554,3.299,6.853,29.774,9.951,17.118,7.457,6.78,1.119,6.32,1.610147,0.0,10.715,1.177,0.507,1.101,0.3,0.408,0.601,1.364,8.901,460.11504699999995
2020-02-01,45.864000000000004,24.626,21.238,8.736,3.547,13.322,32.256,8.342,112.06700000000001,94.504,13.911,7.154,6.032,47.073,23.007,3.601,26.608,5.811554,10.609,11.867,2.22,2.685,2.796,5.481,33.024,8.393,11.687,7.415,6.564,1.163,5.526,1.605029,0.0,11.844,1.131,0.501,1.026,0.3,0.418,0.453,1.309,12.235,447.93158300000016
2020-03-01,64.96,41.342,23.618,6.435,4.714,16.128,36.573,9.933,138.743,101.772,15.246,5.63,6.219,50.425,24.867,4.409,29.276,6.203,9.288,11.359,2.142,2.958,2.522,5.48,33.672,9.34,14.805,8.058,6.89,1.041,5.556,1.6000029999999998,0.0,13.624,1.198,0.476,1.071,0.3,0.406,0.603,1.389,12.854,494.66600300000005
2020-04-01,50.870000000000005,30.402,20.468,10.118,6.159,12.324,36.605,8.541,124.61699999999999,102.641,15.481,5.278,6.091,54.085,24.731,3.659,28.39,6.075,7.808,10.122,2.08,3.282,3.235,6.5169999999999995,31.17,8.302,11.087,7.858,6.877,1.152,4.921,1.469887,0.0,10.868,1.105,0.436,1.125,0.1,0.429,0.55,1.301,12.587,470.52288699999997
2020-05-01,54.355000000000004,35.023,19.332,12.487,5.351,16.483,37.728,7.973,134.377,93.357,12.566,5.639,6.121,60.059,29.544,3.657,33.201,6.454,10.748,13.69,2.31,3.318,2.956,6.274,35.023,8.349,10.895,7.979,7.023,1.202,4.804,1.455546,0.0,13.657,0.937,0.404,0.195,0.0,0.37,0.501,1.268,13.469000000000001,492.3275459999999
2020-06-01,53.632000000000005,32.45,21.182,12.213,4.174,17.755,29.67,5.869,123.313,105.839,9.509,6.005,5.641,57.831,26.485,3.058,29.543,5.548,8.69,11.666,2.229,2.894,2.96,5.854,25.796,8.226,9.226,8.045,6.252,1.164,4.434,1.358702,0.0,14.214,1.083,0.388,1.208,0.0,0.307,0.502,1.393,11.244,466.50870199999997
2020-07-01,57.227999999999994,37.848,19.38,9.861,4.597,14.282,30.462,8.177,124.60699999999999,103.74,8.773,5.22,6.463,58.119,27.661,2.856,30.517000000000003,5.236,10.129,9.481,2.351,2.862,3.159,6.021,27.137,7.871,9.824,7.874,5.5,1.107,3.028,1.25225,0.0,12.36,1.62,0.367,1.243,0.0,0.398,0.616,1.471,12.753,465.0782500000001
2020-08-01,61.285,43.335,17.95,16.668,5.472,18.352,36.82,7.495,146.092,94.82,7.875,5.674,6.632,60.038,26.907,3.806,30.713,5.268,8.757,7.716,2.684,3.758,3.196,6.954000000000001,33.268,7.121,9.706,7.913,5.008,1.078,4.359,1.7100909999999998,0.0,13.425,1.015,0.345,1.093,0.0,0.433,0.67,1.52,12.199842579999997,484.08693357999994
2020-09-01,58.037,39.037,19.0,21.949,4.581,17.804,39.462,8.966,150.799,94.132,10.021,4.862,6.031,53.32,24.822,4.14,28.962,5.42,8.025,7.931,2.668,3.919,3.182,7.101,29.334,7.0,12.521,7.356,6.792,1.078,4.241,1.668296,0.0,13.798,1.21,0.365,1.186,0.0,0.401,0.677,1.603,11.338,479.84029599999997
2020-10-01,63.487,38.789,24.698,18.275,4.874,11.466,42.38,9.503,149.985,99.887,13.0,5.448,6.002,42.228,31.067,4.457,35.524,5.749,4.465,11.726,1.683,4.129,3.062,7.190999999999999,29.904,7.264,15.832,7.572,6.802,1.119,4.473,1.833024,0.0,12.378,1.051,0.37,1.045,0.0,0.449,0.717,1.594,11.164000000000001,486.4550240000001
2020-11-01,62.045,36.37,25.675,21.408,4.993,14.558,43.428,9.532,155.964,90.801,12.022,5.125,5.831,48.143,32.168,3.975,36.143,6.096,0.803,8.737,1.477,3.894,3.003,6.897,31.852,7.342,16.005,7.76,7.107,1.11,4.808,1.9022029999999999,0.0,15.265,1.133,0.362,1.02,0.0,0.345,0.7,1.54,8.799,485.08920299999994
2020-12-01,54.019,25.808,28.211,18.122,5.5,16.078,44.452,8.819,146.99,104.879,13.475,5.248,6.254,44.236,32.645,4.274,36.919000000000004,7.016,7.22,10.524,3.187,4.729,3.271,8.0,32.102,7.322,14.8,8.028,7.679,1.033,4.914,1.972032,0.0,13.969,0.549,0.362,1.188,0.0,0.408,0.635,1.575,9.958999999999998,500.4430320000001
2021-01-01,51.604,29.088,22.516,17.82,4.462,13.639,39.124,6.399,133.048,84.669,11.6,4.491,5.4,57.029,24.529,3.724,28.253,6.746,9.0,8.761,2.335,3.705,3.144,6.849,28.8,7.298,16.0,7.833,6.812,1.0,4.445,1.7197159999999998,0.0,11.565,1.013,0.305,1.088,0.0,0.387,0.704,1.33,9.332877,457.813593
2021-02-01,41.564,22.767,18.797,17.932,4.648,13.677,32.278,4.388,114.487,81.612,12.0,5.008,5.0,52.79,24.098,3.068,27.166,5.893,7.553,10.577,2.311,3.062,2.751,5.813,26.593,7.463,12.8,6.506,6.446,0.9,3.731,1.7441790000000001,0.0,14.02,1.036,0.289,0.791,0.0,0.374,0.655,1.3657439999999998,11.523736000000001,426.44765899999993
2021-03-01,57.301,32.662,24.639,16.608,4.869,17.421,37.582,4.983,138.764,89.947,14.9,4.541,5.4,53.021,30.116,3.101,33.217,6.609,9.487,10.001,2.343,3.771,3.591,7.362,32.45,7.376,16.5,7.178,6.974,1.0,3.983,1.8618810000000001,0.0,18.06,0.943,0.307,0.672,0.0,0.387,0.61,1.6147539999999998,13.293981000000002,488.80261600000006
2021-04-01,48.301,25.605,22.696,15.362,4.208,11.804,36.139,7.917,123.73100000000001,85.661,16.1,4.888,5.2,57.022,26.765,3.26,30.025,6.061,8.987,9.778,2.606,4.151,3.681,7.832,29.249,6.108,15.9,5.004,6.182,1.0,3.088,2.055603,0.0,18.729,1.027,0.356,0.821,0.0,0.434,0.604,1.6144470000000002,11.06465804,461.12770804
2021-05-01,51.099000000000004,25.877,25.222,16.226,3.674,18.018,44.062,10.228,143.307,84.743,19.8,5.179,5.7,57.925,27.02,4.436,31.456,5.864,10.093,8.968,2.286,4.055,3.77,7.824999999999999,28.451,7.073,14.5,7.303,7.036,1.0,3.797,2.102095,0.0,16.58,1.098,0.328,0.801,0.0,0.396,0.501,1.593511,11.325444,487.03104999999994
2021-06-01,59.612,35.576,24.036,14.868,4.878,16.928,37.311,8.604,142.20100000000002,82.972,19.8,4.599,5.4,53.82,30.539,3.318,33.857,5.436,8.178,7.734,2.609,3.444,4.21,7.654,29.869,5.966,14.7,7.865,6.002,1.0,3.951,2.054167,0.0,18.598,0.991,0.351,0.852,0.0,0.368,0.606,1.642922,8.278815999999999,477.3549049999999
2021-07-01,36.905,13.678,23.227,16.5,3.862,19.517,41.2,10.068,128.05200000000002,86.258,17.7,4.555,5.5,54.03,26.301,4.427,30.727999999999998,5.504,9.268,10.492,2.121,4.27,4.3,8.57,27.911,6.879,14.8,7.725,5.202,0.9,3.84,1.950138,0.0,17.394,1.125,0.393,0.887,0.0,0.361,0.6,1.814788,10.465720999999998,465.025647
2021-08-01,60.13,30.341,29.789,15.951,4.397,8.183,39.375,7.413,135.449,81.556,19.7,4.351,5.1,48.14,27.85,3.877,31.727,5.592,9.399,3.788,2.005,4.258,4.23,8.488,30.116,7.455,16.4,7.602,6.54,0.9,4.109,1.855081,0.0,15.683,0.943,0.37,0.936,0.0,0.378,0.52,1.699892,12.086239,462.8882119999998
2021-09-01,55.441,23.818,31.623,12.702,3.886,10.15,34.809,8.805,125.793,82.606,17.6,4.484,5.1,46.137,25.537,3.278,28.814999999999998,4.475,9.421,6.975,2.484,4.057,4.846,8.903,26.015,7.618,16.4,7.833,6.531,1.0,3.642,1.1258979999999998,0.0,18.294,0.884,0.375,1.015,0.0,0.359,0.5,1.607116,11.377262,447.369276
2021-10-01,53.090999999999994,18.941,34.15,12.222,4.293,17.434,37.414,9.616,134.07,84.651,23.4,5.045,5.3,49.525,27.684,3.529,31.213,7.751,11.584,12.675,2.402,3.53,4.92,8.45,20.373,8.094,14.5,8.114,6.489,1.0,3.734,1.4251530000000001,0.0,13.341,1.178,0.353,1.04,0.0,0.4,0.464,1.5550650000000001,12.480114,470.60633199999995
2021-11-01,63.104,28.66,34.444,12.704,3.363,12.98,41.143,10.831,144.125,80.281,17.4,5.13,5.6,50.665,28.29,3.704,31.994,6.706,12.052,8.827,2.223,3.568,4.561,8.129,29.292,7.795,16.8,7.877,6.336,1.0,3.796,1.61136,0.0,16.791,0.987,0.376,0.964,0.0,0.36,0.462,1.611094,12.976209,482.1666630000001
2021-12-01,67.58500000000001,32.267,35.318,12.81,6.345,17.464,39.381,11.657,155.24200000000002,86.371,13.1,5.167,5.6,49.937,28.991,2.54,31.531,6.017,13.604,11.099,2.118,3.833,5.01,8.843,27.219,8.9,16.1,8.003,8.028,0.9,2.663,1.722932,0.0,19.163,0.99,0.407,0.868,0.0,0.366,0.47,1.724861,12.095457,498.24925
2022-01-01,36.879999999999995,16.401,20.479,11.635,1.607,18.84,34.199,10.29,113.451,81.0,18.355,3.933,6.004,51.336,20.04,2.894,22.934,5.718,12.325,12.422,2.323,3.453,4.106,7.559,18.115,8.261,12.413,7.583,6.486,0.777,3.061,1.302273,0.0,14.5,0.886,0.375,0.864,0.0,0.341,0.402,1.458,11.546456999999998,425.73073
2022-02-01,46.06,22.03,24.03,10.452,2.942,14.562,33.269,8.83,116.115,69.9,15.7,3.5,5.6,46.9,21.913,2.61,24.5,5.4,8.3,10.107,1.792,3.448,4.004,7.5,16.3,7.2,9.6,7.1,4.706,0.7,3.112,1.2173900000000002,0.0,15.626,1.054,0.332,0.71,0.0,0.291,0.401,1.346,9.615291000000001,394.599681
2022-03-01,58.2,32.333,25.867,15.323,2.183,16.854,32.307,9.942,134.80900000000003,81.4,23.6,4.2,6.0,51.2,23.459,2.856,26.3,5.9,11.2,12.384,2.131,3.564,4.162,7.7,21.3,7.5,10.9,8.2,6.252,0.8,3.944,1.5003389999999999,0.0,15.284,1.008,0.335,0.69,0.0,0.318,0.55,1.495,10.870999999999999,457.8123389999999
2022-04-01,47.244,21.753,25.491,12.149,2.85,12.175,31.567,10.25,116.235,87.9,20.4,4.8,5.491,41.9,16.419,2.278,18.7,5.6,12.4,8.945,1.503,4.141,4.271,8.4,20.1,7.1,10.4,8.0,6.143,0.8,4.293,1.1532829999999998,0.0,13.015,1.047,0.28,0.661,0.0,0.355,0.583,1.387,11.941514999999999,419.54179800000003
2022-05-01,53.477000000000004,28.319,25.158,13.936,1.489,17.794,37.496,10.423,134.615,106.927,20.038,4.711,5.964,48.99339029042563,24.136,2.551,26.687,6.125,9.86,12.681182199504475,2.122,3.965,4.291,8.256,22.26440011877604,7.585,11.780305991308746,5.706,6.203,0.8392000000000001,3.085323078200775,1.371269,0.0,14.720597495067024,1.172,0.263489,0.617994,0.0,0.328,0.597,1.398,9.875118538637365,474.78626971192006
2022-06-01,44.453,19.843,24.61,11.963,3.456,15.549,35.636,9.474,120.531,102.455,22.991,5.224,5.746,50.15234837866056,23.82,2.74,26.56,8.306,11.453,12.120456713492977,2.1752048793751695,4.292,4.486,8.778,15.015,7.375,11.174141394187815,8.534,6.584713,0.745741,3.315,1.501502,0.0,11.40754403369787,1.3350819694999998,0.227269,0.5839030000000001,0.0,0.389,0.563,1.265,8.1067249267,454.61463029561423
2022-07-01,50.82,25.555,25.265,13.17,1.423,17.03,28.068,9.132,119.643,81.399,21.506,3.598,6.064031,47.262,16.49,2.57,19.06,9.284,10.720994127971508,4.999,1.858,4.136,4.103,8.239,23.391121186549768,7.44,12.22597924234586,8.488439999999999,6.861993,0.739655,2.221,1.3695519999999999,0.0,13.05851625126102,1.2634086232,0.198,0.760445,0.0,0.299,0.577,1.18,10.002399353990002,423.7095347853183
2022-08-01,36.912,14.199,22.713,9.049,3.391,12.071,23.74,6.853,92.01599999999999,92.678,15.933,5.006,6.400155,45.626,21.635,3.165,24.8,9.76,11.790678134780837,5.826,1.404761528643025,5.277,3.808,9.085,28.338,6.462,11.273903440578154,8.462014999999997,6.968043,0.92,2.884,1.2520440000000002,0.0,15.788994653867237,1.348477930635,0.129154,0.9406100000000001,0.0,0.368,0.506,1.422,8.550477418832653,415.939314107337
2022-09-01,42.229,19.921,22.308,11.177,2.525,14.929,34.807,9.03,114.697,85.509,21.321,4.211,5.801,44.507,18.755,3.451,22.206,8.381,8.919,9.740806470429561,1.1988757073199583,4.186,3.67,7.856,27.821,7.318,14.096,7.922,7.20933,0.902,2.671,1.2814400000000001,0.0,15.198707970945406,1.14298256925,0.131,1.173,0.0,0.305,0.638,1.411,11.002650504608981,434.57079322255396
2022-10-01,49.271,22.285,26.986,14.433,3.753,11.063,38.725,7.042,124.287,99.734,23.151,4.357,5.87,44.931,29.719,5.035,34.754,9.299,7.651,10.426297993513188,1.1384098842376669,4.532,3.311,7.843,30.96,7.461,14.262,9.618,7.356126,0.78,3.961,1.3061669999999999,0.0,14.885564678817758,1.176,0.13635,1.233,0.0,0.345,0.572,1.379,9.450314989185713,478.3232305457543
2022-11-01,48.788,20.618,28.17,15.461,2.928,13.495,37.199,7.655,125.526,79.801,20.506,3.973,6.434,46.685,27.043,4.533,31.576,8.011,9.883,12.093,1.348742518812506,4.724,3.629,8.353,28.845,7.048,14.39,9.204,6.349684,0.705,3.748,1.3531099999999998,0.0,13.384819690561546,0.9380114371850001,0.132,1.1658060000000001,0.0,0.393,0.402,1.348,9.819457914866668,453.41563156142576
2022-12-01,55.078,25.092,29.986,13.419,3.517,12.664,38.415,10.583,133.676,85.545,21.994,3.842,7.135,51.291,27.426,5.498,32.924,9.897,11.81,12.384,1.386404097039135,4.949,3.523,8.472,31.699,8.139,16.838,9.392,8.113242,0.805,3.172,1.4005699999999999,0.0,15.81101157069861,1.4223346267499997,0.109,1.263099,0.0,0.407,0.434,1.341,16.79253744151869,497.49519873600656
2023-01-01,49.867000000000004,23.479,26.388,10.731,2.516,15.112,32.758,7.517,118.501,93.319,22.425,3.581,7.232,42.903,16.369,4.074,20.443,8.718,11.93,11.351,1.382,4.134,3.34,7.474,17.369,7.572,9.888067271067618,7.836679,7.046,0.72,3.161,1.3,0.0,10.725,0.793,0.151,1.251,0.0,0.388,0.501,1.329,12.322804171753061,431.6125504428207
2023-02-01,40.111999999999995,17.279,22.833,9.369,1.204,11.65,28.893,7.004,98.232,72.704,18.492,4.265,5.406,44.053,14.652,1.386,16.038,8.009,11.314,9.145,1.156,5.03,2.622,7.652,20.787,6.198,13.751698567638472,5.385739,5.758,0.665,2.962,1.221,0.0,11.024,0.786,0.138,1.219,0.0,0.372,0.409,1.392,11.422502276212963,379.9569398438514
2023-03-01,45.147999999999996,22.897,22.251,4.938,2.008,14.936,34.1,8.394,109.524,92.374,21.186,4.184,5.219,42.85,21.615,3.345,24.96,10.011,10.677,12.49,1.339,4.958,2.57,7.528,22.888,6.264,14.565521794319945,6.302035,6.013,0.525,3.712,1.511,0.0,14.186,1.067,0.137,1.254,0.0,0.324,0.472,1.51,13.130392653681666,436.2029494480016
2023-04-01,36.903999999999996,12.386,24.518,11.182,1.586,8.61,26.417,7.794,92.493,105.142,19.432,4.269,4.378,41.541,19.842,3.913,23.755,8.209,10.574,9.161,1.243,4.25,2.846,7.096,19.068,6.781,12.806759283752966,6.065934,5.771,0.608,3.377,1.606,0.0,12.653,1.374,0.141,1.171,0.0,0.352,0.485,1.355,11.856488506198836,412.7641817899519
2023-05-01,47.95,18.576,29.374,5.781,1.025,15.804,23.763,8.551,102.87400000000001,83.855,17.052,4.215,4.021,43.23,18.637,5.169,23.806,6.6663689999999995,9.755,13.262,1.397,4.145,2.411,6.556,27.121,6.166,11.837,6.011,6.72,0.253,2.77,1.763,0.0,12.979,1.05,0.135,0.969,0.0,0.343,0.403,1.531,11.91750882055194,408.65787782055185
2023-06-01,52.641,22.904,29.737,6.358,0.966,13.825,28.071,9.212,111.07300000000001,111.446,20.957,3.734,3.541,45.373,21.39,4.595,25.985,8.16162,11.452,13.392,1.249,3.847,3.032,6.879,27.849,6.576,11.385,3.401,6.642,3.785888,4.098,1.702,0.0,14.538,1.19,0.11,1.001,0.0,0.339,0.39,1.362,9.60429671086093,457.21580471086094
2023-07-01,50.952,19.611,31.341,10.005,1.012,14.043,31.799,8.658,116.469,82.383,23.979,3.617,4.8,50.014,16.377,5.044,21.421,8.024889,10.868,10.542,1.368,3.742,3.03,6.772,27.769,6.595,14.484,7.014,5.775,3.220801,3.937,1.911,0.0,9.977,1.11,0.11,0.951,0.0,0.334,0.435,1.387,8.587133571000003,433.8548235709999
2023-08-01,43.576,15.871,27.705,10.953,1.014,13.842,27.893,9.317,106.595,91.154,23.196,3.536,5.503,55.033,15.397,2.445,17.842,7.455,9.187,12.065,1.309,4.164,2.849,7.013,26.519,6.845,12.501,7.013,5.55,7.032666,1.787,1.701,0.0,12.654,1.252,0.12,1.061,0.0,0.35,0.443,1.491,10.293012472512162,436.5006784725121
2023-09-01,50.153,25.165,24.988,11.337,0.947,12.258,27.997,7.365,110.057,107.3,22.927,2.326,5.2,45.108,14.067,2.26,16.327,7.524,8.966,10.836,1.383,4.255,2.681,6.936,28.101,7.264,15.802,7.032,7.001,10.34802,3.627,1.535,0.0,14.919,1.113,0.112,1.071,0.0,0.324,0.376,1.411,12.493394718861865,457.41941471886184
2023-10-01,45.635999999999996,23.173,22.463,14.909,0.534,16.308,31.479,10.527,119.393,88.354,20.212,1.256,6.002,54.803,20.227,2.476,22.703,8.137,10.825,9.659,1.385,4.045,3.007,7.052,28.023,7.572,15.955,7.511,7.18,9.569191,3.902,1.601,0.0,11.191,1.207,0.125,1.16,0.0,0.391,0.365,1.407,12.753735280653318,459.6939262806533
2023-11-01,42.073,19.599,22.474,13.974,0.061,13.245,28.487,8.108,105.94800000000001,84.79,18.359,0.371,7.25,47.958,18.145,2.857,21.002,8.431,13.561,12.764,1.428,3.065,3.201,6.266,29.887,6.922,15.585,7.793,7.052,13.779,3.631,1.566,0.0,11.335,1.422,0.132,1.1,0.0,0.375,0.355,1.321,12.479874605913855,442.86287460591393
2023-12-01,58.290000000000006,27.556,30.734,16.473,0.127,14.911,30.217,13.378,133.39600000000002,88.54,20.826,0.0,7.253,60.316,18.819,1.941,20.76,9.066,11.81,12.467,1.142,4.477,3.811,8.288,35.182,6.16,14.12,7.925,7.321,13.810559,2.643,1.651,0.0,14.017,1.301,0.146,1.013,0.0,0.398,0.32,1.133,12.66388659268,493.66844559268
2024-01-01,43.329,16.976,26.353,3.779,0.0,15.595,26.984,9.013,98.7,97.522,20.935,0.0,6.55,52.15,14.981,4.915,19.896,8.841,10.264,12.849,1.052,3.874,3.394,7.268,28.087,6.298,6.318,7.922,6.812,13.711,2.121,1.753,0.0,9.09,1.077,0.143,1.114,0.0,0.355,0.445,1.102,12.176000000000002,434.551
2024-02-01,40.003,15.968,24.035,6.847,0.0,16.445,25.939,7.82,97.054,97.523,19.193,0.0,5.726,45.213,15.825,3.657,19.482,7.147,9.816,9.708,0.962,3.575,2.782,6.357,27.529,6.274,9.169,7.149,6.279,14.0,2.232,1.754,0.0,11.134,0.977,0.145,1.063,0.0,0.358,0.39,0.973,10.177000000000001,417.78399999999993
2024-03-01,33.964,19.815,14.149,6.859,0.0,17.096,32.728,8.372,99.019,101.354,22.861,0.0,6.454,49.777,17.836,4.138,21.974,7.953,8.266,11.66,1.024,3.516,3.3,6.816,23.611,6.992,7.564,6.881,6.504,15.609,2.562,1.902,0.0,12.527,0.772,0.138,1.087,0.0,0.395,0.445,1.046,9.566,434.7589999999999
2024-04-01,37.870000000000005,19.64,18.23,6.202,0.0,14.54,17.851,10.19,86.65299999999999,97.98,21.51,0.0,5.7,42.269,18.82,4.14,22.96,7.871,8.25,7.891,0.707,3.39,2.62,6.01,27.865,6.502,6.862,8.98,6.592,14.652,2.507,1.702,0.0,9.51,0.668,0.139,0.971,0.0,0.343,0.482,1.038,9.066,405.68
2024-05-01,49.79,26.864,22.926,5.832,0.0,16.185,22.876,8.565,103.24799999999999,106.071,20.17,0.0,6.705,46.232,16.927,4.428,21.355,8.613,8.014,10.739,0.945,3.683,3.012,6.695,27.447,6.602,7.434,9.331,7.014,17.291,2.379,1.811,0.0,13.266,1.155,0.133,0.996,0.0,0.358,0.473,1.237,9.556,445.27
2024-06-01,44.95,23.445,21.505,6.095,0.0,14.599,22.157,7.313,95.114,113.996311,24.64,0.0,6.387,48.403,12.765,3.124,15.889,8.683,11.194,11.145,0.968,2.996,3.088,6.084,27.112,6.424,6.289,9.128,7.076,19.362,3.182,1.603,0.0,13.424,0.714,0.119,0.985,0.0,0.297,0.35,1.438,8.625,448.63131100000015
2024-07-01,48.662,25.849,22.813,3.745,0.0,15.292,26.477,9.931,104.107,106.47,20.141,0.0,5.55,46.985,12.965,3.715,16.68,7.983,12.249,9.504,1.033,2.503,5.144,7.647,26.73,6.377,8.002,9.04,6.718,15.027,4.202,1.503,0.0,11.409,1.208,0.123,0.901,0.0,0.352,0.383,1.463,8.933000000000002,440.72
2024-08-01,46.557,23.452,23.105,12.664,0.0,14.564,35.951,8.707,118.443,105.293,18.563,0.0,6.075,48.763,12.278,3.3,15.578,7.614,14.825,8.12,1.333,3.641,5.215,8.856,27.253,7.103,10.382,8.696,7.014,19.689,3.804,1.502,0.0,14.817,0.704,0.115,0.931,0.0,0.35,0.352,1.45,9.112,466.737
2024-09-01,46.243,22.838,23.405,12.642,0.0,15.287,34.521,7.221,115.91400000000002,101.515,21.432,0.0,5.936,51.385,11.326,4.231,15.557,8.249,17.163,11.259,1.666,3.829,7.121727491749543,10.950727491749543,28.15,7.16,13.2,8.379,5.616,17.764,3.528,1.553,0.0,14.804,0.929,0.105,1.054,0.0,0.307,0.361,1.337,9.866999999999999,475.1407274917496
2024-10-01,46.324,24.782,21.542,13.816,1.684,12.658,35.989,9.403,119.874,107.976,22.579,0.0,6.359,49.545,12.035,4.194,16.229,9.686,16.627,10.004,1.683,4.463,6.30192595419825,10.764925954198251,30.123,7.392,14.916,7.89,6.938,16.397,4.947,1.546,0.0,12.894,1.234,0.109,1.159,0.0,0.36,0.33,1.498,9.861,488.9209259541982
2024-11-01,50.698,26.324,24.374,19.02,1.124,13.049,33.554,8.074,125.519,108.225,22.721,0.0,6.556,36.694,12.625,4.046,16.671,7.772,11.683,11.408,1.747,4.645,7.739573671225882,12.384573671225882,27.647,7.565,15.156,8.701,6.422,22.123,3.269,1.516,0.0,15.55,1.104,0.116,1.026,0.0,0.327,0.27,1.511,10.552999999999999,484.23657367122587
2024-12-01,71.102,43.06,28.042,24.707,2.865,16.299,41.346,8.466,164.785,133.614,20.841,0.0,6.395,41.195,14.062,4.282,18.344,8.685,13.715,10.325,1.615,4.455,7.98761024473751,12.44261024473751,29.674,8.156961877310344,16.547,9.906,7.394,22.143,5.012,1.768,0.0,16.134,0.959,0.111,0.902,0.0,0.38,0.365,1.524,10.667,563.5995721220478
2025-01-01,33.942,13.055,20.887,11.2,0.907,14.098,25.733,6.874,92.75400000000002,109.412,24.591,0.0,6.242,28.019,18.115,3.638,21.753,9.701,10.406,9.863,1.343,4.736,8.905,13.641,23.954,6.638,10.271,6.839,7.065,8.245,4.461,1.472,0.0,12.3,0.975,0.098,0.892,0.0,0.354,0.313,1.649,9.494,422.745
2025-02-01,32.258,13.65,18.608,9.1,1.473,14.401,26.986,5.326,89.54400000000001,113.37,20.09,0.0,4.135,16.981,11.875,3.793,15.668,8.135,10.376,9.315,1.185,3.966,6.155,10.121,22.519,5.459,11.971,6.016,6.107,14.086,3.969,1.4,0.0,11.958,0.848,0.104,0.803,0.0,0.305,0.245,1.367,8.399000000000001,394.47600000000006
2025-03-01,46.063,21.856,24.207,12.417,4.086,16.645,27.403,6.62,113.23399999999998,120.617,23.26,0.0,5.472,35.236,13.359,2.866,16.225,9.562,11.171,9.532,1.294,5.143,7.48,12.623,26.579,6.246,13.609,6.913,7.019,19.905,4.554,1.561,0.0,15.272,1.086,0.101,0.976,0.0,0.348,0.311,1.606,9.596,473.9079999999998
2025-04-01,42.489,18.365,24.124,10.381,3.14,11.863,31.068,6.616,105.55699999999999,128.36,20.481,0.0,5.221,36.567,12.278,3.975,16.253,8.357,12.069,8.984,1.854,5.369,7.329,12.698,24.881,5.059,13.707,6.133,6.258,16.739,4.935,1.601,0.0,12.007,0.923,0.103,1.002,0.0,0.345,0.237,1.498,8.842999999999998,460.6720000000001
2025-05-01,52.646,26.887,25.759,13.796,3.446,13.911,30.171,7.056,121.026,131.974,22.796,0.0,4.519,38.387,12.146,4.157,16.303,8.297,8.769,9.27,1.293,5.077,8.056,13.133,24.999,5.76,14.516,3.983,6.843,17.594,4.248,1.426,0.0,14.227,0.942,0.086,1.02,0.0,0.322,0.269,1.441,9.594999999999999,483.038
2025-06-01,47.172,21.523,25.649,9.921,4.024,13.511,30.685,6.329,111.642,76.408,30.106,0.0,4.414,34.286,12.555,3.501,16.056,7.056,10.476,11.036,1.242,5.349,9.601,14.95,25.757,3.588,16.274,5.964,6.17,18.397,0.206,1.361,0.0,14.633,0.758,0.092,0.906,0.0,0.267,0.287,1.331,8.345,422.008
2025-07-01,40.932,17.088,23.844,14.81,4.34,13.025,30.507,6.26,109.874,114.78,14.372,0.0,4.78,34.232,12.726,4.07,16.796,6.984,10.102,11.837,1.023,4.871,7.76,12.631,25.051,4.277,13.979,5.917,6.202,18.102,4.366,1.357,0.0,12.183,1.145,0.118,0.943,0.0,0.25,0.249,1.463,8.628,441.64099999999985
2025-08-01,38.622,16.374,22.248,11.592,2.406,14.662,11.534,6.318,85.134,105.062,20.362,0.0,4.557,35.427,14.572,3.479,18.051,6.389,10.9,11.687,1.228,4.367,8.808,13.175,26.762,7.197,14.817,5.022,5.81,15.717,3.954,1.1,0.0,14.771,0.91,0.104,0.895,0.0,0.354,0.256,1.443,8.687,419.77099999999996
2025-09-01,49.698,20.803,28.895,12.045,3.581,15.352,20.246,7.451,108.373,118.599,21.062,0.0,4.623,38.003,14.481,3.427,17.908,6.234,11.638,11.746,0.941,6.179,7.201608166697615,13.380608166697614,24.981,7.059,16.338,5.055,6.636,5.768,4.595,1.402,0.0,15.8,1.053,0.17,0.884,0.0,0.375,0.338,1.562,8.779,453.30260816669767
2025-10-01,43.909,20.314,23.595,13.223,3.372,12.346,22.708,7.258,102.816,120.612,20.547,0.0,5.617,35.015,14.25,2.765,17.015,6.321,10.193,10.893,1.335,6.011,5.935392883080209,11.94639288308021,26.943,6.86,17.195,4.625,7.336,16.879,5.277,1.556,0.0,12.511,1.019,0.25,0.841,0.0,0.384,0.376,1.448,9.988,455.7983928830802
2025-11-01,54.003,26.808,27.195,13.654,4.744,17.737,24.518,7.507,122.16299999999998,94.403,17.384,0.0,5.189,37.704,14.81,3.621,18.431,6.72,7.854,13.494,1.128,5.818,7.136656605034246,12.954656605034247,24.67,7.828,14.933,4.349,7.502,17.736,4.429,1.187,0.0,14.791,0.897,0.307,0.9,0.0,0.365,0.4,1.536,9.495,448.74965660503415
2025-12-01,79.32,49.033,30.287,20.749,11.498,24.069,28.587,8.049,172.272,111.535,19.744,0.0,5.809,36.159,13.436,3.312,16.748,7.62,11.228,15.225,1.335,5.033,10.747262013042231,15.78026201304223,28.777,9.391,16.713,5.308,8.211,20.859,5.487,1.456,0.0,14.86,1.067,0.278,0.832,0.0,0.403,0.362,1.526,10.176,539.1612620130423
2026-01-01,38.64,13.577,25.063,8.983,4.002,15.782,18.148,5.478,91.033,104.984,16.401,0.0,4.876,30.19,15.759,3.147,18.906,7.465,10.398,13.375,0.727,4.587,4.669,9.256,18.959,7.458,14.005,4.697,7.113,17.469,4.95,0.979,0.0,12.954,0.819,0.272,0.915,0.0,0.362,0.347,1.368,9.677,409.955
2026-02-01,32.967,13.958,19.009,9.048,3.693,8.932,21.553,3.657,79.85,105.02,11.996,0.0,4.322,26.649,15.22,3.146,18.366,6.781,9.518,11.647,0.692,3.871,6.458,10.329,22.927,3.996,7.372,4.015,5.707,16.787,4.3,1.039,0.0,11.521,0.796,0.209,0.736,0.0,0.261,0.348,1.353,8.855,375.39200000000005
2026-03-01,43.592,16.062,27.53,8.812,4.034,17.846,19.397,7.077,100.758,101.627,16.199,0.0,4.7,31.426,17.549,3.344,20.893,7.809,7.716,13.529,0.68,3.843,7.892,11.735,27.683,5.752,14.371,4.276,6.803,21.216,4.612,1.15,0.0,14.918,0.55,0.179,0.722,0.0,0.405,0.323,1.449,9.699,431.17999999999995
